businessZones,companyFullName,companyId,companyShortName,companySize,createTime,district,education,financeStage,industryField,positionName,salary
"['员村', '天河公园', '棠下']",广州原力互娱网络科技有限公司,126248,原力互娱,500-2000人,2018-11-22 09:52:26,天河区,大专,上市公司,移动互联网,python开发工程师,15k-20k
"['天河北', '广州东站', '沙河']",广州英荔教育科技有限公司,108163,英荔教育,15-50人,2018-11-20 09:33:11,天河区,本科,不需要融资,"企业服务,教育",Python软件工程师,9k-15k
"['东圃', '棠下', '车陂']",广府数字（深圳）股份有限公司,463109,广府数字,15-50人,2018-11-22 17:48:01,天河区,大专,未融资,区块链 电子商务,Python工程师,12k-18k
,广州黑胡子游戏开发有限公司,173177,BBGAME,50-150人,2018-11-15 16:01:28,天河区,本科,天使轮,游戏,python开发,10k-15k
"['林和', '沙河']",乐至（上海）科技有限公司,137205,乐至科技,15-50人,2018-11-22 15:46:20,天河区,本科,不需要融资,移动互联网,Python高级开发工程师,10k-20k
"['员村', '珠江新城', '石牌']",广州薏米知教信息科技有限公司,415371,知教教育,15-50人,2018-11-22 11:26:48,天河区,不限,未融资,"移动互联网,教育",python,10k-14k
"['珠江新城', '沙河']",广州经传多赢投资咨询有限公司,310815,经传多赢,2000人以上,2018-11-22 15:38:11,天河区,本科,不需要融资,"移动互联网,金融",量化平台测试工程师-python,8k-13k
"['天园', '天河公园', '棠下']",广州市擎天柱网络科技有限公司,9619,擎天柱,150-500人,2018-11-22 08:53:08,天河区,本科,不需要融资,游戏,Python web开发工程师,15k-25k
"['冼村', '珠江新城', '沙河']",广东分子资产管理股份有限公司,130922,分子资产,15-50人,2018-11-19 14:59:49,天河区,大专,未融资,"移动互联网,金融",python量化交易员,10k-20k
,广州酷码教育咨询有限公司,319988,广州酷码教育咨询有限公司,150-500人,2018-11-22 17:17:26,天河区,大专,A轮,教育,Python讲师/助教,5k-8k
,广州伊的家网络科技有限公司,11891,伊的家,2000人以上,2018-11-21 22:48:41,天河区,不限,不需要融资,电子商务,量化平台研发工程师-python,15k-25k
"['东圃', '棠下', '车陂']",广州战神同盟网络科技有限公司,347179,战神联盟,50-150人,2018-11-22 10:31:03,天河区,大专,不需要融资,游戏,python开发工程师,10k-15k
"['珠江新城', '沙河']",广东全彩科技有限公司,105513,全彩科技,50-150人,2018-11-22 09:41:26,天河区,大专,未融资,"移动互联网,游戏",Python开发工程师,8k-13k
['琶洲'],广州多多村信息科技有限公司,433979,多多村,少于15人,2018-11-22 11:40:08,海珠区,本科,天使轮,"数据服务,文化娱乐",Python web开发工程师,15k-20k
"['车陂', '东圃', '前进']",广州回头车信息科技有限公司,19209,省省回头车,15-50人,2018-11-22 11:23:37,天河区,大专,A轮,生活服务,python开发工程师,15k-22k
"['东圃', '棠下', '车陂']",广府数字（深圳）股份有限公司,463109,广府数字,15-50人,2018-11-22 17:47:56,天河区,大专,未融资,区块链 电子商务,ＰＨＰ兼 Python 开发工程师,13k-18k
"['市桥', '东环']",广州经传多赢投资咨询有限公司,310815,经传多赢,2000人以上,2018-11-22 15:38:12,番禺区,硕士,不需要融资,"移动互联网,金融",高级量化研究员-PYTHON【天安科技园】,18k-35k
,广州伊的家网络科技有限公司,11891,伊的家,2000人以上,2018-11-21 22:48:37,天河区,大专,不需要融资,电子商务,数据工程师-Python【珠江新城】,10k-20k
,广州美亚尚途国际旅行社有限公司,50215,美亚商旅,150-500人,2018-11-21 17:10:15,海珠区,大专,不需要融资,电子商务,Python开发工程师,6k-12k
['大学城'],广州乐顽科技有限公司,213466,乐顽科技,15-50人,2018-11-20 16:30:14,番禺区,本科,不需要融资,"移动互联网,游戏",Python开发工程师,8k-15k
,广州常红信息科技有限公司,42599,爱竞彩,少于15人,2018-11-19 11:40:01,越秀区,不限,不需要融资,"移动互联网,文化娱乐",Python开发,10k-13k
['东圃'],广州杰颉软件科技有限公司,174043,颉一软件,15-50人,2018-11-22 10:52:12,天河区,不限,A轮,"信息安全,数据服务",Python工程师,15k-20k
"['员村', '东圃', '棠下']",陕西晟运通科技有限公司,300032,晟运通科技,150-500人,2018-10-26 10:54:22,天河区,大专,未融资,电子商务,Python工程师,10k-20k
['琶洲'],上海触乐信息科技有限公司,7030,触宝,150-500人,2018-11-22 09:38:46,海珠区,本科,上市公司,"移动互联网,数据服务",【广州】后端开发工程师（Python）,15k-25k
"['冼村', '珠江新城', '沙河']",广州博冠信息科技有限公司,22790,网易游戏,2000人以上,2018-11-21 15:26:41,天河区,本科,上市公司,游戏,python服务端开发工程师,15k-22k
['大石'],广州沃港电子科技有限公司,261105,沃港科技,50-150人,2018-11-06 14:50:34,番禺区,本科,不需要融资,"硬件,其他",python开发工程师,15k-22k
"['棠下', '员村', '天河公园']",广州润普网络科技有限公司,10909,易工作,50-150人,2018-11-11 23:17:35,天河区,不限,不需要融资,企业服务,Python开发工程师,6k-12k
['大石'],广州亿利莱科技有限公司,268573,亿利莱科技,15-50人,2018-11-20 11:49:44,番禺区,本科,不需要融资,"招聘,移动互联网",python工程师,10k-15k
,时互康联健康管理（北京）有限公司,7662,V大夫,50-150人,2018-11-02 11:00:36,海珠区,本科,C轮,O2O,Python开发工程师,10k-20k
"['车陂', '东圃', '前进']",广州回头车信息科技有限公司,19209,省省回头车,15-50人,2018-11-22 11:23:36,天河区,大专,A轮,生活服务,高级python开发工程师,15k-22k
"['珠江新城', '沙河']",广州经传多赢投资咨询有限公司,310815,经传多赢,2000人以上,2018-11-22 15:38:12,天河区,本科,不需要融资,"移动互联网,金融",量化平台研发工程师-python,15k-25k
,广州伊的家网络科技有限公司,11891,伊的家,2000人以上,2018-11-21 22:48:33,番禺区,硕士,不需要融资,电子商务,高级量化研究员-PYTHON【天安科技园】,17k-25k
"['客村', '广州大道南', '赤岗']",广州市诚毅科技软件开发有限公司,14947,诚毅软件,150-500人,2018-11-02 09:00:01,海珠区,本科,不需要融资,企业服务,Python开发工程师,9k-12k
,广州软博信息科技有限公司,69290,软博,少于15人,2018-11-22 08:56:28,番禺区,本科,未融资,"数据服务,其他",Java/Python算法工程师,6k-8k
,青岛英联艺术传媒有限公司,364753,AAM中国,50-150人,2018-11-19 10:11:31,荔湾区,本科,未融资,数据服务,Python高级开发工程师,15k-26k
,广州微用信息科技有限公司,187049,广州微用科技,少于15人,2018-11-13 14:40:59,天河区,大专,不需要融资,移动互联网,Python开发工程师,10k-20k
"['天河公园', '东圃', '棠下']",优维科技（深圳）有限公司,105373,优维科技,50-150人,2018-11-09 11:38:22,天河区,本科,B轮,"移动互联网,企业服务",Python开发-驻场广州,10k-20k
"['员村', '珠江新城', '石牌']",广州嘉为科技有限公司,29292,嘉为科技,150-500人,2018-11-07 08:59:47,天河区,本科,未融资,"企业服务 ,数据服务",python开发工程师,8k-10k
,广东紫晶信息存储技术股份有限公司,125922,广东紫晶,150-500人,2018-11-19 10:27:15,番禺区,不限,上市公司,"数据服务,其他",Python高级开发工程师,15k-30k
['天河北'],广州淘通科技股份有限公司,216547,淘通科技,150-500人,2018-11-12 17:57:20,天河区,大专,C轮,电子商务,python工程师/后端开发工程师,8k-10k
"['员村', '东圃', '棠下']",广州富融信息技术有限公司,395352,广州富融,15-50人,2018-10-29 17:33:31,天河区,本科,未融资,"移动互联网,金融",Python开发工程师,6k-9k
['琶洲'],上海触乐信息科技有限公司,7030,触宝,150-500人,2018-11-20 09:58:01,海珠区,本科,上市公司,"移动互联网,数据服务",资深后端开发工程师（Python）,25k-40k
"['五山', '石牌', '天河北']",广州宇创天成科技有限公司,361944,宇创天成科技,15-50人,2018-11-21 18:14:36,天河区,大专,不需要融资,"移动互联网,游戏",python后端,10k-20k
"['岗顶', '龙口', '石牌']",海南元游信息技术有限公司广州分公司,133884,海南元游信息,150-500人,2018-11-22 10:06:38,天河区,本科,不需要融资,游戏,Python后台开发-2019届校园招聘,7k-12k
,广东优德科技有限公司,143093,优德科技,少于15人,2018-11-19 14:10:48,海珠区,大专,未融资,"移动互联网,企业服务",Python实习工程师,3k-5k
"['珠江新城', '沙河']",广州经传多赢投资咨询有限公司,310815,经传多赢,2000人以上,2018-11-22 15:38:13,天河区,本科,不需要融资,"移动互联网,金融",Python高级开发攻城狮【珠江新城】,15k-25k
,广州伊的家网络科技有限公司,11891,伊的家,2000人以上,2018-11-21 10:00:12,天河区,大专,不需要融资,电子商务,Python后端开发工程师【珠江新城】,10k-20k
['琶洲'],上海触乐信息科技有限公司,7030,触宝,150-500人,2018-11-20 09:58:01,海珠区,本科,上市公司,"移动互联网,数据服务",高级后端开发工程师（Python）,15k-30k
,广州钛动科技有限公司,66008,Mobisummer,150-500人,2018-11-21 17:06:35,天河区,大专,A轮,"移动互联网,广告营销",后端开发工程师（python）,8k-15k
"['天园', '天河公园', '棠下']",广州市擎天柱网络科技有限公司,9619,擎天柱,150-500人,2018-11-22 08:53:08,天河区,本科,不需要融资,游戏,游戏服务器开发工程师（C/C++/Python）,10k-15k
"['员村', '东圃', '棠下']",广州博冠信息科技有限公司,22790,网易游戏,2000人以上,2018-11-22 17:55:10,天河区,本科,上市公司,游戏,Python服务端开发（手游支持）,16k-20k
['沙河'],深圳火石信息科技有限公司,212992,火石信科,少于15人,2018-11-08 22:22:56,天河区,本科,天使轮,"移动互联网,硬件",Python后端开发工程师,10K-20K
"['棠下', '员村', '天河公园']",广州润普网络科技有限公司,10909,易工作,50-150人,2018-11-11 23:17:35,天河区,不限,不需要融资,企业服务,Python实习,2k-4k
,中经汇通电子商务有限公司,76499,中经汇通,500-2000人,2018-11-02 12:00:54,萝岗区,本科,不需要融资,"移动互联网,电子商务",Java/PHP/Python高级开发工程师,10k-20k
['大学城'],广州建杉科技有限公司,140320,建杉科技,15-50人,2018-11-16 18:26:54,番禺区,本科,天使轮,"硬件,电子商务",Python后端开发,15k-20k
,广东星舆科技有限公司,321881,星舆科技,50-150人,2018-11-14 12:03:38,天河区,本科,A轮,"移动互联网,数据服务",中级Python开发工程师（平台开发）,12k-24k
"['五羊新城', '岭南']",北京玖易创新网络科技有限公司,425838,玖易创新,150-500人,2018-11-10 14:41:37,越秀区,本科,上市公司,"移动互联网,硬件",中级Python后端开发工程师,8k-12k
,广州德利信息科技有限公司,27635,德利,少于15人,2018-11-21 00:04:20,,本科,A轮,"移动互联网,电子商务",Python web高级工程师,12k-24k
"['东圃', '前进']",江苏传智播客教育科技有限公司广州分公司,121948,传智播客广州分校,150-500人,2018-11-06 10:41:18,天河区,大专,上市公司,教育,Python web讲师,20k-30k
"['琶洲', '新港', '赤岗']",广州哆啦科技有限公司,250149,Fordeal,500-2000人,2018-11-20 11:39:26,海珠区,本科,B轮,"电子商务,移动互联网",Python爬虫工程师,15k-30k
,广东星舆科技有限公司,321881,星舆科技,50-150人,2018-11-14 12:03:44,天河区,本科,A轮,"移动互联网,数据服务",初级Python开发工程师（平台开发）,6k-12k
"['天园', '天河公园', '棠下']",广州市擎天柱网络科技有限公司,9619,擎天柱,150-500人,2018-11-22 08:53:08,天河区,本科,不需要融资,游戏,游戏服务器开发工程师（C/C++/Python）,5k-10k
"['琶洲', '新港', '赤岗']",广州哆啦科技有限公司,250149,Fordeal,500-2000人,2018-11-20 11:39:28,海珠区,本科,B轮,"电子商务,移动互联网",资深Python爬虫工程师,25k-50k
"['水荫', '沙河', '天河北']",广州聚焦网络技术有限公司,39248,聚焦网络集团,150-500人,2018-11-20 11:13:21,越秀区,本科,未融资,"移动互联网,电子商务",Python爬虫工程师,10k-20k
"['冼村', '珠江新城', '沙河']",广州大世信息科技有限公司,206430,大世科技,15-50人,2018-11-19 11:56:30,天河区,本科,未融资,"移动互联网,游戏",Python网页后端,8k-15k
"['南浦', '洛溪', '大石']",广东盟讯科技有限公司,309580,盟讯科技,15-50人,2018-11-20 15:02:06,番禺区,大专,不需要融资,"移动互联网,其他",Python爬虫工程师,7k-10k
"['东圃', '前进', '车陂']",广州艾克斯曼网络科技有限公司,160121,X-MEN,150-500人,2018-11-19 11:08:48,天河区,本科,不需要融资,游戏,C++/python主程,15k-20k
['三元里'],广州美哒科技有限公司,292943,美哒,少于15人,2018-11-14 17:54:52,白云区,不限,未融资,,Python爬虫,8K-16K
,广州龙骐贸易有限公司,65769,龙骐贸易,50-150人,2018-11-14 10:20:53,白云区,大专,不需要融资,电子商务,Python Web 爬虫工程师,10k-15k
"['东圃', '前进']",江苏传智播客教育科技有限公司广州分公司,121948,传智播客广州分校,150-500人,2018-11-08 15:05:28,天河区,大专,上市公司,教育,Python数据挖掘及人工智能机器学习讲师,20k-35k
"['石牌', '岗顶', '龙口']",广东蜂助手网络技术股份有限公司,25632,蜂助手,150-500人,2018-11-21 15:29:03,天河区,本科,上市公司,移动互联网,odoo开发工程师,15k-20k
,广州财略金融信息科技有限公司,35507,AI考拉,50-150人,2018-11-22 09:50:21,海珠区,大专,A轮,金融,后端开发工程师,10k-18k
"['小北', '建设']",广东三优教育科技有限公司,51097,三优亲子,50-150人,2018-11-21 13:02:11,越秀区,大专,不需要融资,"电子商务,社交网络",开发工程师,8k-14k
"['兴华', '沙河', '沙东']",广州机智云物联网科技有限公司,6921,机智云,150-500人,2018-11-22 19:13:47,天河区,大专,B轮,"移动互联网,硬件",大数据开发工程师,12k-22k
"['员村', '东圃', '棠下']",航天精一（广东）信息科技有限公司,16073,航天精一,150-500人,2018-11-22 09:23:32,天河区,本科,上市公司,"移动互联网,数据服务",研发总监（技术方向）,25k-35k
"['客村', '赤岗', '江海']",广州财略金融信息科技有限公司,35507,AI考拉,50-150人,2018-11-22 09:50:20,海珠区,本科,A轮,金融,数据开发工程师,8k-12k
"['东圃', '棠下', '车陂']",广东灵机文化传播有限公司,1175,灵机文化,150-500人,2018-11-22 11:42:36,天河区,本科,不需要融资,"移动互联网,电子商务",大数据开发工程师,20K-25K
"['岭南', '龙津', '陈家祠']",广州市新光百货有限公司,403600,新光百货,150-500人,2018-11-22 10:27:16,荔湾区,大专,不需要融资,其他,技术研发工程师,10k-15k
"['天园', '天河公园', '棠下']",广州市擎天柱网络科技有限公司,9619,擎天柱,150-500人,2018-11-22 08:53:08,天河区,本科,不需要融资,游戏,高级游戏服务端开发工程师,10k-20k
,广州市果肉教育科技有限公司,463302,广州市果肉教育科技有限公司,150-500人,2018-11-22 16:31:29,越秀区,本科,不需要融资,"移动互联网,教育",前端开发工程师,8k-16k
['大学城'],广州探迹科技有限公司,134745,探迹,150-500人,2018-11-22 17:21:33,番禺区,本科,A轮,"数据服务,企业服务",前端工程师,15k-25k
,广东健客医药有限公司,33059,健客网,500-2000人,2018-11-19 14:01:35,萝岗区,本科,B轮,"电子商务,医疗健康",推荐系统开发工程师,15k-25k
"['天河公园', '东圃', '棠下']",北京链易未来科技有限公司,332244,北京链易未来科技有限公司,15-50人,2018-11-21 14:31:53,天河区,本科,A轮,"金融,其他",后端工程师,15k-30k
['大学城'],广州市讯码通讯科技有限公司,170745,讯码科技,150-500人,2018-11-21 11:53:01,番禺区,本科,A轮,"移动互联网,生活服务",Golang开发工程师,9k-15k
"['五山', '石牌', '天河北']",广州亚美信息科技有限公司,37398,亚美,150-500人,2018-11-07 09:32:25,天河区,本科,不需要融资,移动互联网,大数据开发工程师,15k-25k
,上海文盛资产管理股份有限公司,113765,文盛资产,150-500人,2018-11-22 06:48:45,天河区,本科,C轮,"数据服务,移动互联网",高级前端,15k-24k
,广州奇异果科技有限公司,56211,奇异果科技,50-150人,2018-11-21 09:55:12,天河区,本科,不需要融资,"移动互联网,游戏",BI/ETL开发工程师,10k-15k
,江苏太湖云计算信息技术股份有限公司,41883,太湖云计算,150-500人,2018-11-22 14:14:50,天河区,大专,上市公司,电子商务,大数据开发工程师,15k-30k
['员村'],广州栗树信息科技有限公司,166065,栗子科技,50-150人,2018-11-22 16:34:41,天河区,本科,天使轮,"移动互联网,广告营销",大数据开发工程师,10k-20k
"['天河城', '石牌', '体育中心']",广州盛成妈妈网络科技股份有限公司,3346,妈妈网,500-2000人,2018-11-22 18:12:50,天河区,本科,上市公司,"移动互联网,社交网络",PHP开发工程师,8k-15k
"['天园', '天河公园', '棠下']",广州市擎天柱网络科技有限公司,9619,擎天柱,150-500人,2018-11-22 08:53:08,天河区,本科,不需要融资,游戏,cocos游戏开发工程师,8k-16k
,上海文盛资产管理股份有限公司,113765,文盛资产,150-500人,2018-11-22 06:48:48,天河区,本科,C轮,"数据服务,移动互联网",前端,15k-24k
,广州亚美信息科技有限公司,37398,亚美,150-500人,2018-11-22 16:37:07,天河区,大专,不需要融资,移动互联网,PHP高级开发工程师,11k-17k
,广东东田教育集团有限公司,36141,广东东田教育集团有限公司,150-500人,2018-11-22 10:13:50,天河区,本科,不需要融资,"移动互联网,教育",中高级C++工程师,12k-20k
,武汉佰钧成技术有限责任公司,16831,武汉佰钧成技术有限公司,2000人以上,2018-11-22 09:58:17,天河区,本科,不需要融资,移动互联网,C++研发工程师,18k-25k
"['员村', '东圃']",广州市两棵树网络科技有限公司,335104,洋葱omall,150-500人,2018-11-22 17:56:32,天河区,大专,C轮,"移动互联网,电子商务",中级JAVA开发工程师,10k-15k
,广州博冠信息科技有限公司,22790,网易游戏,2000人以上,2018-11-22 11:09:32,天河区,本科,上市公司,游戏,DNS 高级开发工程师,15k-20k
"['兴华', '沙河', '沙东']",广州机智云物联网科技有限公司,6921,机智云,150-500人,2018-11-22 19:13:47,天河区,大专,B轮,"移动互联网,硬件",前端开发工程师,8k-12k
,广州市驴迹科技有限责任公司,135484,驴迹导游,150-500人,2018-11-22 09:30:48,天河区,大专,B轮,"移动互联网,旅游",前端工程师,13k-18k
"['体育中心', '天河城', '沙河']",广州市汇聚支付电子科技有限公司,113687,汇聚支付,150-500人,2018-11-19 10:48:28,天河区,本科,不需要融资,"金融,移动互联网",技术支持工程师,4k-8k
,广州合摩计算机科技有限公司,297763,爱员工,150-500人,2018-11-20 09:43:34,天河区,本科,B轮,移动互联网,PHP高级研发工程师,15k-30k
['员村'],江西贪玩信息技术有限公司广州分公司,271701,贪玩游戏,500-2000人,2018-11-22 18:04:09,天河区,大专,D轮及以上,游戏,c++服务端开发工程师,10k-18k
"['员村', '天河公园', '棠下']",广州原力互娱网络科技有限公司,126248,原力互娱,500-2000人,2018-11-22 09:52:27,天河区,大专,上市公司,移动互联网,PHP开发工程师,6k-10k
['大学城'],广州探迹科技有限公司,134745,探迹,150-500人,2018-11-22 17:21:34,番禺区,本科,A轮,"数据服务,企业服务",后台工程师,15k-30k
"['琶洲', '新港', '赤岗']",广州逗号智能零售有限公司,274523,逗号智能零售,50-150人,2018-11-22 16:52:53,海珠区,硕士,不需要融资,"移动互联网,生活服务",AI算法工程师,20k-40k
,广州亚美信息科技有限公司,37398,亚美,150-500人,2018-11-14 16:44:02,天河区,本科,不需要融资,移动互联网,大数据开发工程师（偏离线计算和数据分析）,15k-25k
"['珠江新城', '岭南', '跑马场']",广州博冠信息科技有限公司,22790,网易游戏,2000人以上,2018-11-22 17:55:09,天河区,硕士,上市公司,游戏,高级开发工程师（AI方向）,15k-30k
"['员村', '天河公园', '棠下']",广州原力互娱网络科技有限公司,126248,原力互娱,500-2000人,2018-11-22 09:52:27,天河区,大专,上市公司,移动互联网,c++服务端开发工程师,10k-20k
"['天河公园', '棠下']",三七互娱（上海）科技有限公司,658,三七互娱,2000人以上,2018-11-22 09:54:31,天河区,本科,上市公司,游戏,运维开发工程师,10k-15k
,广州摩翼信息科技有限公司,5726,翼课网,500-2000人,2018-11-22 18:59:30,番禺区,本科,不需要融资,"移动互联网 ,教育",PHP研发工程师,12k-20k
"['林和', '沙河']",乐至（上海）科技有限公司,137205,乐至科技,15-50人,2018-11-22 15:46:19,天河区,大专,不需要融资,移动互联网,运维开发工程师（薪资与能力成正比）,13k-26k
,广州柏视医疗科技有限公司,216758,柏视医疗,50-150人,2018-11-21 10:48:05,海珠区,硕士,A轮,"医疗健康,数据服务",人工智能研发工程师,20k-40k
['员村'],广州汇量信息科技有限公司,22045,Mobvista,500-2000人,2018-11-07 10:43:05,天河区,大专,上市公司,移动互联网,资深后端开发工程师,15k-30k
"['珠江新城', '沙河']",深圳前海大数金融服务有限公司,45195,大数金融,500-2000人,2018-11-20 09:23:35,天河区,大专,C轮,金融,BI开发工程师,12k-20k
,广州机智云物联网科技有限公司,6921,机智云,150-500人,2018-11-22 19:13:47,天河区,本科,B轮,"移动互联网,硬件",Java工程师（大数据方向）,10k-20k
"['客村', '新港', '赤岗']",广州瑞致租车有限公司,11489,瑞卡连锁租车集团,500-2000人,2018-11-22 09:42:58,海珠区,本科,不需要融资,生活服务,web前端开发工程师,8k-12k
['车陂'],广州汉全信息科技有限公司,122671,汉全科技,50-150人,2018-11-22 14:14:25,天河区,本科,不需要融资,移动互联网,高级PHP程序员,15k-20k
"['天园', '天河公园', '棠下']",广州火舞软件开发股份有限公司,93656,火舞游戏,150-500人,2018-11-16 16:42:16,天河区,大专,未融资,游戏,Java开发工程师,15k-25k
,广东奇化化工交易中心股份有限公司,29760,奇化网,150-500人,2018-11-22 09:43:48,黄埔区,本科,不需要融资,电子商务,高级前端工程师,15k-30k
['鱼珠'],广州云徙科技有限公司,143873,云徙科技,500-2000人,2018-11-22 17:20:39,黄埔区,本科,A轮,"数据服务,移动互联网",算法工程师（广州）,15k-30k
,广州亚美信息科技有限公司,37398,亚美,150-500人,2018-11-14 17:03:02,天河区,本科,不需要融资,移动互联网,大数据开发工程师（偏实时计算和大数据平台建设）,15k-25k
,广州博冠信息科技有限公司,22790,网易游戏,2000人以上,2018-11-22 17:55:10,天河区,本科,上市公司,游戏,高级开发工程师-质量保障中心,15k-20k
,广州酷码教育咨询有限公司,319988,广州酷码教育咨询有限公司,150-500人,2018-11-22 17:17:26,天河区,本科,A轮,教育,技术总监/CTO,20k-30k
"['东圃', '棠下', '车陂']",广东灵机文化传播有限公司,1175,灵机文化,150-500人,2018-11-22 11:42:36,天河区,本科,不需要融资,"移动互联网,电子商务",算法工程师,15k-20k
['龙凤'],北京易思易度科技有限公司广州分公司,314386,Edison Inc,50-150人,2018-11-22 11:26:25,海珠区,本科,B轮,"移动互联网,数据服务",后端研发工程师,15k-25k
"['员村', '东圃', '棠下']",广州图普网络科技有限公司,34420,图普科技（深度学习图像识别云）,50-150人,2018-11-22 10:20:35,天河区,本科,A轮,"移动互联网,数据服务",AI平台开发工程师,12k-24k
"['珠江新城', '沙河']",广州富力地产股份有限公司,111643,富力地产,2000人以上,2018-11-21 14:42:41,天河区,本科,上市公司,"移动互联网,电子商务",硬件开发工程师,12k-20k
,广州秒钛科技有限公司,210023,秒钛科技,15-50人,2018-11-04 11:03:09,越秀区,本科,A轮,"金融,数据服务",数据工程师 (金融工程),25k-45k
,星汉（广州）科技有限公司,296449,星汉科技,150-500人,2018-11-22 18:15:47,海珠区,本科,B轮,"移动互联网,游戏",后台开发工程师,15k-30k
['天河软件园'],上海鲸团科技有限公司,189292,鲸鱼游戏,150-500人,2018-11-22 15:40:07,天河区,大专,不需要融资,游戏,PHP高级开发工程师（后台系统）,12k-20k
"['琶洲', '官洲']",广州君海网络科技有限公司,33956,君海游戏,150-500人,2018-11-22 19:14:44,海珠区,本科,上市公司,移动互联网,BI开发工程师,10k-20k
"['东圃', '棠下', '车陂']",广府数字（深圳）股份有限公司,463109,广府数字,15-50人,2018-11-22 17:47:35,天河区,大专,未融资,区块链 电子商务,技术经理,15k-30k
['琶洲'],广州多多村信息科技有限公司,433979,多多村,少于15人,2018-11-22 11:40:10,海珠区,本科,天使轮,"数据服务,文化娱乐",后端研发工程师,16k-22k
"['五山', '天河公园', '石牌']",北京修齐治平科技有限公司,28393,爱云校,500-2000人,2018-11-22 10:40:00,天河区,硕士,C轮,"教育,数据服务",图像处理研发工程师,15k-20k
,广州飞跑科技有限公司,293535,飞跑科技,50-150人,2018-11-22 08:51:14,海珠区,大专,不需要融资,游戏,脚本开发工程师,8k-15k
,广州博冠信息科技有限公司,22790,网易游戏,2000人以上,2018-11-22 10:41:23,天河区,本科,上市公司,游戏,客户端开发工程师,15k-30k
"['员村', '东圃', '棠下']",广州图普网络科技有限公司,34420,图普科技（深度学习图像识别云）,50-150人,2018-11-22 10:20:37,天河区,本科,A轮,"移动互联网,数据服务",后端服务器开发工程师(AI方向),12k-24k
['琶洲'],星汉（广州）科技有限公司,296449,星汉科技,150-500人,2018-11-22 18:15:46,海珠区,本科,B轮,"移动互联网,游戏",服务端开发工程师,15k-30k
"['员村', '东圃', '棠下']",广州原力互娱网络科技有限公司,126248,原力互娱,500-2000人,2018-11-08 14:08:26,天河区,本科,上市公司,移动互联网,C++后端开发工程师,10k-20k
,清远墨墨教育科技有限公司,120354,墨墨科技,少于15人,2018-11-13 16:07:23,天河区,本科,未融资,移动互联网,墨墨后端开发工程师 / 热爱技术，喜欢折腾,15k-30k
,广州华多网络科技有限公司,49579,欢聚时代（YY Inc）,2000人以上,2018-11-21 15:09:28,番禺区,本科,上市公司,移动互联网,数据仓库开发工程师 (MJ001030),13k-25k
"['琶洲', '官洲']",广州君海网络科技有限公司,33956,君海游戏,150-500人,2018-11-22 19:14:45,海珠区,本科,上市公司,移动互联网,大数据开发工程师,10k-20k
['石牌'],众聚互娱（广州）科技有限公司,266540,众聚互娱,50-150人,2018-11-12 14:38:06,天河区,本科,A轮,"硬件,游戏",技术经理（C++方向）,30k-50k
"['员村', '珠江新城', '石牌']",广东星舆科技有限公司,321881,星舆科技,50-150人,2018-11-19 15:23:29,天河区,硕士,A轮,"移动互联网,数据服务",ADAS研发工程师,13k-25k
,广州极飞科技有限公司,20999,XAG极飞科技,500-2000人,2018-11-22 09:10:18,天河区,大专,B轮,移动互联网,ERP开发工程师,6k-10k
,江苏润和软件股份有限公司,68635,润和软件,2000人以上,2018-11-19 14:12:37,黄埔区,本科,上市公司,移动互联网,web前端,8k-16k
"['五山', '石牌', '天河北']",蓝月亮（中国）有限公司,24265,蓝月亮,2000人以上,2018-11-22 09:17:09,天河区,本科,不需要融资,生活服务,算法工程师,13k-18k
['石楼'],广东海启星海洋科技有限公司,188933,广东海启星海洋科技有限公司,50-150人,2018-11-22 09:07:49,番禺区,大专,不需要融资,"数据服务,企业服务",服务器研发工程师,9k-15k
['员村'],上海鲸团科技有限公司,189292,鲸鱼游戏,150-500人,2018-11-22 16:20:59,天河区,本科,不需要融资,游戏,android开发工程师(SDK开发）,8k-15k
"['瑞宝', '东晓', '凤阳']",广州致景信息科技有限公司,9085,百布,150-500人,2018-11-22 15:22:49,海珠区,大专,C轮,移动互联网,大数据工程师,13k-26k
"['珠江新城', '冼村', '沙河']",广州博冠信息科技有限公司,22790,网易游戏,2000人以上,2018-11-19 09:59:42,天河区,本科,上市公司,游戏,服务端开发工程师（A）,18k-36k
"['员村', '东圃', '棠下']",广州图普网络科技有限公司,34420,图普科技（深度学习图像识别云）,50-150人,2018-11-22 10:20:37,天河区,本科,A轮,"移动互联网,数据服务",Docker开发工程师,15k-25k
,广州华多网络科技有限公司,49579,欢聚时代（YY Inc）,2000人以上,2018-11-21 15:00:20,番禺区,本科,上市公司,移动互联网,用户画像高级研发工程师 (MJ001283),20k-40k
['琶洲'],星汉（广州）科技有限公司,296449,星汉科技,150-500人,2018-11-22 18:15:46,海珠区,本科,B轮,"移动互联网,游戏",后台开发工程师,15k-30k
"['元岗', '岑村', '龙洞']",广州明动软件股份有限公司,6558,明动软件,150-500人,2018-11-22 20:09:02,天河区,本科,上市公司,"企业服务,数据服务",测试工程师,7k-10k
,广东么么乐网络科技有限公司,221420,么么乐,50-150人,2018-11-15 10:03:20,天河区,不限,不需要融资,移动互联网,WEB前端开发工程师,6k-12k
,广州市果肉教育科技有限公司,463302,广州市果肉教育科技有限公司,150-500人,2018-11-22 16:31:40,越秀区,本科,不需要融资,"移动互联网,教育",测试工程师,10k-20k
"['员村', '天河公园', '石牌']",上海莱壳企业管理有限公司,416006,wlaike,150-500人,2018-11-22 12:35:30,天河区,本科,B轮,"移动互联网,企业服务",测试开发工程师,30k-60k
['大学城'],广州探迹科技有限公司,134745,探迹,150-500人,2018-11-22 17:21:35,番禺区,本科,A轮,"数据服务,企业服务",推荐算法工程师,10k-20k
['琶洲'],广州均乐互动科技有限公司,220157,均乐互动,15-50人,2018-11-19 10:19:58,海珠区,本科,天使轮,"游戏,移动互联网",客户端开发工程师,15k-23k
"['五山', '石牌', '天河北']",蓝月亮（中国）有限公司,24265,蓝月亮,2000人以上,2018-11-22 09:17:09,天河区,本科,不需要融资,生活服务,系统工程师（地点：天河华师地铁）,10k-18k
['天河城'],广州艾米会电子商务有限公司,171398,艾米会,150-500人,2018-11-22 10:37:17,天河区,硕士,不需要融资,"电子商务,人工智能",大数据开发工程师,10k-15k
"['瑞宝', '东晓', '凤阳']",广州致景信息科技有限公司,9085,百布,150-500人,2018-11-22 15:22:50,海珠区,本科,C轮,移动互联网,测试工程师,15k-26k
"['五山', '天河公园', '石牌']",北京修齐治平科技有限公司,28393,爱云校,500-2000人,2018-11-22 10:39:57,天河区,硕士,C轮,"教育,数据服务",图像处理助理研发工程师,8k-15k
,广东亿迅科技有限公司,62627,广东亿迅,2000人以上,2018-11-22 08:59:24,天河区,不限,不需要融资,移动互联网,SDN网络研发工程师,12k-20k
,广州博冠信息科技有限公司,22790,网易游戏,2000人以上,2018-11-22 10:41:22,天河区,本科,上市公司,游戏,手游服务器开发工程师,15k-30k
,广州图普网络科技有限公司,34420,图普科技（深度学习图像识别云）,50-150人,2018-11-22 10:20:34,天河区,本科,A轮,"移动互联网,数据服务",服务器开发工程师,10k-15k
"['元岗', '岑村', '龙洞']",广州明动软件股份有限公司,6558,明动软件,150-500人,2018-11-22 20:09:02,天河区,本科,上市公司,"企业服务,数据服务",运维工程师,8k-10k
,广州华多网络科技有限公司,49579,欢聚时代（YY Inc）,2000人以上,2018-11-21 15:00:20,番禺区,本科,上市公司,移动互联网,大数据平台高级研发工程师 (MJ001286),20k-40k
['大学城'],广州探迹科技有限公司,134745,探迹,150-500人,2018-11-22 17:21:33,番禺区,本科,A轮,"数据服务,企业服务",图像算法工程师,15k-25k
"['瑞宝', '东晓', '凤阳']",广州致景信息科技有限公司,9085,百布,150-500人,2018-11-22 15:22:49,海珠区,大专,C轮,移动互联网,中级测试工程师,10k-18k
"['天河公园', '东圃', '棠下']",上海好悦网络科技有限公司,204534,好悦游戏,50-150人,2018-11-22 14:44:57,天河区,大专,未融资,"移动互联网,游戏",手游IOS工程师,7k-12k
,上海微创软件股份有限公司北京分公司,189022,微创,2000人以上,2018-11-22 09:18:58,天河区,本科,不需要融资,"移动互联网,电子商务",前端开发,7k-8k
['琶洲'],广州均乐互动科技有限公司,220157,均乐互动,15-50人,2018-11-19 10:19:58,海珠区,本科,天使轮,"游戏,移动互联网",服务器开发工程师,17k-26k
"['兴华', '沙河', '沙东']",广州机智云物联网科技有限公司,6921,机智云,150-500人,2018-11-22 19:13:46,天河区,大专,B轮,"移动互联网,硬件",测试工程师（广州）,8k-12k
,广东安创信息科技开发有限公司,80273,安创,50-150人,2018-11-22 16:28:51,,不限,不需要融资,"信息安全,硬件",ios/安卓移动安全研究员(并不是开发师，投递前请看清),10k-20k
"['棠下', '东圃', '车陂']",广州宜赚网络科技有限公司,362141,宜赚科技,50-150人,2018-11-22 15:35:52,天河区,大专,A轮,移动互联网,软件测试高级工程师,8k-12k
"['员村', '东圃', '棠下']",广东尚趣网络科技有限公司,151410,尚趣网络,50-150人,2018-11-22 11:50:09,天河区,大专,不需要融资,"游戏,移动互联网",3D引擎开发工程师,9k-15k
['鱼珠'],广州云徙科技有限公司,143873,云徙科技,500-2000人,2018-11-22 17:20:38,黄埔区,本科,A轮,"数据服务,移动互联网",资深图像识别算法工程师,25k-50k
,广州混沌网络科技有限公司,371556,混沌科技,50-150人,2018-11-22 14:42:39,天河区,本科,不需要融资,移动互联网,测试工程师,15k-25k
"['冼村', '珠江新城', '沙河']",广州博冠信息科技有限公司,22790,网易游戏,2000人以上,2018-11-21 15:26:43,天河区,本科,上市公司,游戏,Cocos2d-X游戏开发工程师,15k-30k
"['元岗', '岑村', '龙洞']",广州明动软件股份有限公司,6558,明动软件,150-500人,2018-11-22 20:08:57,天河区,本科,上市公司,"企业服务,数据服务",自动化测试工程师,8k-12k
,广州财略金融信息科技有限公司,35507,AI考拉,50-150人,2018-11-22 09:50:21,海珠区,大专,A轮,金融,运维工程师-（应用运维）,12k-24k
,广州市巴图鲁信息科技有限公司,33377,巴图鲁公司,500-2000人,2018-11-22 10:32:50,海珠区,本科,C轮,电子商务,高级运维工程师,15k-25k
,广州君海网络科技有限公司,33956,君海游戏,150-500人,2018-11-22 19:14:44,海珠区,本科,上市公司,移动互联网,运维工程师,6k-10k
"['天园', '天河公园', '棠下']",广州明朝互动科技股份有限公司,18159,明朝互动,150-500人,2018-11-22 18:27:56,天河区,大专,D轮及以上,游戏,运维工程师,8k-10k
,深圳合众财富金融投资管理有限公司广州分公司,225111,合众财富,150-500人,2018-11-22 14:59:39,天河区,本科,不需要融资,"金融,移动互联网",数据建模工程师,8k-15k
"['员村', '天河公园', '棠下']",广州原力互娱网络科技有限公司,126248,原力互娱,500-2000人,2018-11-22 09:52:26,天河区,大专,上市公司,移动互联网,运维开发,12k-20k
,广州奇异果科技有限公司,56211,奇异果科技,50-150人,2018-11-21 09:55:09,天河区,大专,不需要融资,"移动互联网,游戏",高级自动化测试工程师,15k-25k
"['林和', '天河北']",北京轻松筹网络科技有限公司,43055,轻松筹,500-2000人,2018-11-22 09:46:43,天河区,本科,C轮,"移动互联网,金融",Nodejs开发工程师,10k-15k
['东环'],广州油菜花信息科技有限公司,116939,油菜花科技,50-150人,2018-11-22 19:45:45,番禺区,大专,未融资,"移动互联网,文化娱乐",测试工程师,8k-10k
['南源'],深圳市德科信息技术有限公司广州分公司,339742,德科信息,500-2000人,2018-11-22 15:23:44,荔湾区,本科,不需要融资,其他,web前端开发工程师,12k-15k
,东怡源科技（广州）有限公司,296888,东怡源,15-50人,2018-11-16 14:43:46,天河区,本科,未融资,"移动互联网,电子商务",技术经理,10k-20k
,广州力挚网络科技有限公司,14059,租租车,500-2000人,2018-11-22 18:26:27,天河区,本科,B轮,"旅游,生活服务",高级运维开发工程师,14k-24k
['大学城'],广州市讯码通讯科技有限公司,170745,讯码科技,150-500人,2018-11-21 11:53:01,番禺区,本科,A轮,"移动互联网,生活服务",高级运维工程师,15k-20k
"['天河公园', '东圃', '棠下']",广州博冠信息科技有限公司,22790,网易游戏,2000人以上,2018-11-21 15:26:41,天河区,本科,上市公司,游戏,基础架构开发工程师(容器方向),15k-30k
['东环'],广州油菜花信息科技有限公司,116939,油菜花科技,50-150人,2018-11-22 19:45:43,番禺区,本科,未融资,"移动互联网,文化娱乐",性能测试工程师,9k-13k
,深圳合众财富金融投资管理有限公司广州分公司,225111,合众财富,150-500人,2018-11-22 14:59:40,天河区,本科,不需要融资,"金融,移动互联网",高级BI工程师,15k-25k
,广东亿迅科技有限公司,62627,广东亿迅,2000人以上,2018-11-22 08:59:22,海珠区,硕士,不需要融资,移动互联网,算法工程师,20k-40k
"['林和', '沙河']",乐至（上海）科技有限公司,137205,乐至科技,15-50人,2018-11-22 15:46:19,天河区,大专,不需要融资,移动互联网,运维工程师,7k-12k
,北京金山软件有限公司,7835,金山办公软件,2000人以上,2018-11-21 14:52:39,天河区,本科,上市公司,移动互联网,运维开发工程师（gz）,15k-25k
,广东赛百威信息科技有限公司,40530,赛百威,150-500人,2018-11-22 19:41:40,萝岗区,大专,不需要融资,"移动互联网,电子商务",运维工程师,4k-5k
"['元岗', '岑村', '龙洞']",广州明动软件股份有限公司,6558,明动软件,150-500人,2018-11-22 20:08:50,天河区,本科,上市公司,"企业服务,数据服务",测试主管,12k-17k
,广州市果肉教育科技有限公司,463302,广州市果肉教育科技有限公司,150-500人,2018-11-22 16:31:22,越秀区,本科,不需要融资,"移动互联网,教育",自然语言处理,15k-30k
"['员村', '东圃']",杭州魔蝎数据科技有限公司,139350,魔蝎科技,50-150人,2018-11-22 11:25:22,天河区,本科,B轮,"数据服务,移动互联网",售前产品顾问（广州）,6k-12k
,上海雳挚企业信息咨询有限公司,127357,医疗云,150-500人,2018-11-22 09:05:53,天河区,硕士,不需要融资,"移动互联网,医疗健康",测试开发工程师,20k-39k
,广州傲银信息科技有限责任公司,163964,傲银科技,15-50人,2018-11-20 10:26:51,海珠区,大专,不需要融资,"文化娱乐,游戏",运维工程师（高薪外派东南亚）,15k-30k
['员村'],广州造就科技有限公司,284260,造就科技,150-500人,2018-11-22 17:41:20,天河区,大专,A轮,移动互联网,测试主管,12k-16k
,广州财略金融信息科技有限公司,35507,AI考拉,50-150人,2018-11-22 09:50:21,海珠区,大专,A轮,金融,数据分析师,8k-12k
"['琶洲', '新港', '赤岗']",广州哆啦科技有限公司,250149,Fordeal,500-2000人,2018-11-20 11:39:25,海珠区,本科,B轮,"电子商务,移动互联网",资深大数据开发工程师,30k-60k
"['冼村', '珠江新城', '沙河']",广州博冠信息科技有限公司,22790,网易游戏,2000人以上,2018-11-21 15:26:42,天河区,本科,上市公司,游戏,游戏服务端开发工程师,15k-30k
,广东亿迅科技有限公司,62627,广东亿迅,2000人以上,2018-11-22 08:59:24,天河区,不限,不需要融资,移动互联网,人工智能工程师,15k-20k
,广东星辉天拓互动娱乐有限公司,29750,星辉游戏,500-2000人,2018-11-18 20:34:47,天河区,本科,上市公司,游戏,手游双端开发工程师,10k-15k
"['五山', '天河公园', '石牌']",广东省电信规划设计院有限公司,61875,设计院,2000人以上,2018-11-22 15:40:05,天河区,本科,上市公司,"移动互联网,金融",C#软件工程师,6k-8k
,广州卓振智能科技有限公司,91287,广州卓振,50-150人,2018-11-22 09:55:04,萝岗区,本科,未融资,移动互联网,.NET/C#软件开发工程师,8k-12k
"['珠江新城', '沙河']",广州富力地产股份有限公司,111643,富力地产,2000人以上,2018-11-21 14:42:41,天河区,本科,上市公司,"移动互联网,电子商务",爬虫开发工程师,12k-22k
,广州餐道信息科技有限公司,39441,广州餐道,150-500人,2018-11-20 10:36:02,荔湾区,不限,未融资,"移动互联网,O2O",大数据开发工程师,10k-20k
"['岭南', '五羊新城']",广州美人信息技术有限公司,134065,美人信息,150-500人,2018-11-19 16:03:37,越秀区,本科,A轮,移动互联网,计算机视觉工程师（人脸技术方向）,10k-20k
"['三元里', '白云大道', '机场路']",昌正实业（广州）有限公司,410822,昌正集团,500-2000人,2018-11-22 19:44:44,白云区,大专,不需要融资,电子商务,数据库工程师（DBA）,8k-16k
"['大新', '龙津', '西关']",广东分利宝金服科技有限公司,58690,光大分利宝,150-500人,2018-11-22 15:53:02,荔湾区,本科,C轮,"金融,移动互联网",运维工程师,8k-12k
,广东蜂助手网络技术股份有限公司,25632,蜂助手,150-500人,2018-11-21 15:29:03,天河区,本科,上市公司,移动互联网,运维工程师,10k-18k
"['五山', '天河公园', '石牌']",北京智蓝云信科技有限公司,410631,智蓝,150-500人,2018-11-15 17:09:31,天河区,本科,不需要融资,移动互联网,devops开发工程师,15k-25k
,广州诺倍可贸易有限公司,136784,广州诺倍可,150-500人,2018-11-22 19:05:32,天河区,本科,天使轮,"医疗健康,O2O",前端开发工程师（高级）,8k-15k
"['员村', '珠江新城', '石牌']",大鱼快乐有限公司,216917,阿里文娱,2000人以上,2018-11-22 11:39:15,天河区,大专,上市公司,"文化娱乐,移动互联网",高级数据研发工程师-广州,20k-40k
,广东东田教育集团有限公司,36141,广东东田教育集团有限公司,150-500人,2018-11-22 10:13:48,天河区,本科,不需要融资,"移动互联网,教育",中级运维工程师,8k-12k
,广州博冠信息科技有限公司,22790,网易游戏,2000人以上,2018-11-22 10:41:21,天河区,本科,上市公司,游戏,服务器开发工程师,15k-30k
,广东美的制冷设备有限公司,90410,美的,2000人以上,2018-11-22 09:25:50,番禺区,本科,上市公司,"O2O,其他",大数据开发工程师,15k-25k
,深圳市祎创科技有限公司,441985,祎创科技,50-150人,2018-11-21 12:01:41,天河区,本科,不需要融资,"移动互联网,人工智能",服务端高级研发工程师/研发专家,30k-55k
"['棠下', '天园', '车陂']",广州荔支网络技术有限公司,1531,荔枝,500-2000人,2018-11-16 09:15:54,天河区,本科,D轮及以上,移动互联网,Java开发实习生,4k-8k
"['东圃', '棠下', '车陂']",广府数字（深圳）股份有限公司,463109,广府数字,15-50人,2018-11-22 17:48:10,天河区,本科,未融资,区块链 电子商务,岗位职责： 新系统技术开发，老系统更新迭代，,16k-32k
,广州合摩计算机科技有限公司,297763,爱员工,150-500人,2018-11-20 09:43:31,天河区,硕士,B轮,移动互联网,自然语言算法工程师,20k-40k
,广州卓动信息科技有限公司,42632,卓动信息科技,150-500人,2018-11-20 09:41:24,海珠区,本科,不需要融资,游戏,服务端开发工程师,12k-18k
"['林和', '沙河']",广州港亨信息科技有限公司,91903,We Are Techman,15-50人,2018-11-12 10:57:08,天河区,本科,不需要融资,"移动互联网,数据服务",区块链技术研发工程师,15k-20k
['天河软件园'],上海鲸团科技有限公司,189292,鲸鱼游戏,150-500人,2018-11-22 15:40:30,天河区,大专,不需要融资,游戏,游戏运维工程师,8k-13k
"['员村', '东圃', '棠下']",航天精一（广东）信息科技有限公司,16073,航天精一,150-500人,2018-11-22 09:23:31,天河区,本科,上市公司,"移动互联网,数据服务",大数据开发--研究院,13k-18k
,上海微创软件股份有限公司北京分公司,189022,微创,2000人以上,2018-11-22 09:18:59,天河区,本科,不需要融资,"移动互联网,电子商务",前端开发,8k-9k
,广州奇异果科技有限公司,56211,奇异果科技,50-150人,2018-11-21 09:55:10,天河区,大专,不需要融资,"移动互联网,游戏",高级c++开发工程师,15k-30k
['琶洲'],广州傲银信息科技有限责任公司,163964,傲银科技,15-50人,2018-11-20 10:26:51,海珠区,大专,不需要融资,"文化娱乐,游戏",资深数据挖掘工程师,20k-30k
"['琶洲', '新港', '赤岗']",大鱼快乐有限公司,216917,阿里文娱,2000人以上,2018-11-22 13:48:18,海珠区,本科,上市公司,"文化娱乐,移动互联网",阿里大文娱游戏事业部-运维研发工程师-中台,15k-25k
"['珠江新城', '猎德', '石牌']",广州市星火机器人有限公司,340441,spark机器人,15-50人,2018-11-22 11:33:54,天河区,大专,天使轮,硬件 移动互联网,软件测试工程师,8k-12k
,广州博冠信息科技有限公司,22790,网易游戏,2000人以上,2018-11-22 10:41:23,天河区,不限,上市公司,游戏,手游客户端开发工程师,15k-30k
,广州奇异果科技有限公司,56211,奇异果科技,50-150人,2018-11-21 09:55:10,天河区,本科,不需要融资,"移动互联网,游戏",c++开发工程师,10k-15k
"['员村', '珠江新城', '石牌']",大鱼快乐有限公司,216917,阿里文娱,2000人以上,2018-11-22 11:39:16,天河区,本科,上市公司,"文化娱乐,移动互联网",高级测试开发工程师-广州,20k-40k
['石楼'],广东海启星海洋科技有限公司,188933,广东海启星海洋科技有限公司,50-150人,2018-11-22 09:07:49,番禺区,本科,不需要融资,"数据服务,企业服务",数据库研发工程师,9k-18k
['水荫'],广东咏声动漫股份有限公司,130684,咏声动漫,150-500人,2018-11-20 09:43:26,越秀区,大专,上市公司,文化娱乐,动画制作技术指导（Production TD),10k-15k
"['琶洲', '新港', '赤岗']",广州逗号智能零售有限公司,274523,逗号智能零售,50-150人,2018-11-22 16:52:53,海珠区,本科,不需要融资,"移动互联网,生活服务",AI主管,50k-80k
['大学城'],广州比特区块科技有限公司,319126,比特区块,15-50人,2018-11-12 11:12:59,番禺区,本科,天使轮,"金融,数据服务",后端工程师,15k-30k
"['客村', '新港', '赤岗']",广州市魔幻科技有限公司,372772,魔幻科技,15-50人,2018-11-22 17:47:44,海珠区,大专,未融资,移动互联网,运维开发工程师,10k-15k
['珠江新城'],广州汇电云联互联网科技有限公司,205460,汇电云联,50-150人,2018-11-21 16:52:30,天河区,本科,不需要融资,移动互联网,大数据开发工程师,20k-32k
,广州华多网络科技有限公司,49579,欢聚时代（YY Inc）,2000人以上,2018-11-21 15:00:19,番禺区,本科,上市公司,移动互联网,C++高级工程师（YY区块链）,30k-50k
"['珠江新城', '沙河']",广州富力地产股份有限公司,111643,富力地产,2000人以上,2018-11-21 14:42:42,天河区,本科,上市公司,"移动互联网,电子商务",数据库开发工程师,12k-18k
,广州德客信息科技有限公司,60851,德客信息,15-50人,2018-11-19 17:35:32,增城区,本科,未融资,"企业服务,O2O",小程序 开发 工程师,6k-10k
['天河软件园'],上海鲸团科技有限公司,189292,鲸鱼游戏,150-500人,2018-11-22 15:39:49,天河区,大专,不需要融资,游戏,系统运维工程师,10k-15k
,广州欧科信息技术股份有限公司,166052,广州欧科,150-500人,2018-11-22 09:18:19,萝岗区,硕士,上市公司,"企业服务,数据服务",三维算法工程师,15k-20k
,清远墨墨教育科技有限公司,120354,墨墨科技,少于15人,2018-11-13 16:07:13,天河区,本科,未融资,移动互联网,墨墨后端开发工程师,15k-30k
"['冼村', '珠江新城', '沙河']",广州博冠信息科技有限公司,22790,网易游戏,2000人以上,2018-11-19 09:59:42,天河区,本科,上市公司,游戏,手游开发工程师-暗黑手游,10k-20k
['沙河'],广州道然信息科技有限公司,149760,广州道然,50-150人,2018-11-22 14:47:48,天河区,本科,不需要融资,移动互联网,推荐算法工程师,15k-25k
"['林和', '天河北']",广州百帆信息科技有限公司,156247,百帆,15-50人,2018-11-21 19:45:46,天河区,大专,A轮,移动互联网,前端开发工程师,5k-7k
"['琶洲', '新港', '赤岗']",广州哆啦科技有限公司,250149,Fordeal,500-2000人,2018-11-20 11:39:28,海珠区,本科,B轮,"电子商务,移动互联网",大数据开发工程师,20k-40k
"['五山', '天河公园', '石牌']",北京智蓝云信科技有限公司,410631,智蓝,150-500人,2018-11-15 17:09:30,天河区,本科,不需要融资,移动互联网,大数据开发工程师,15k-25k
,有米科技股份有限公司,271,有米科技,500-2000人,2018-11-15 14:40:59,番禺区,本科,上市公司,"移动互联网,广告营销",后端开发工程师,15k-25k
"['林和', '沙河', '广州东站']",广州港亨信息科技有限公司,91903,We Are Techman,15-50人,2018-11-12 10:57:08,天河区,大专,不需要融资,"移动互联网,数据服务",区块链技术研发工程师,10k-20k
"['五山', '石牌', '天河北']",中国电信股份有限公司上海信息化研发中心,50632,中国电信IT研发中心,500-2000人,2018-11-07 10:43:50,天河区,本科,上市公司,其他,云存储开发工程师,15k-25k
['天河客运站'],广州维朗网络科技有限公司,204811,维朗,50-150人,2018-11-22 13:40:16,天河区,大专,不需要融资,"移动互联网,招聘",数据开发工程师,15k-20k
"['环市东', '华乐', '大东']",广东触电传媒科技有限公司,132796,触电传媒,150-500人,2018-11-22 10:12:08,越秀区,本科,不需要融资,"移动互联网,文化娱乐",高级数据开发工程师,10k-20k
"['林和', '天河北']",广州市银兴计算机服务有限公司,243935,银兴,50-150人,2018-11-21 10:39:48,天河区,本科,上市公司,其他,数据挖掘工程师,20k-40k
['石牌'],数字广东网络建设有限公司,410436,数字广东（腾讯投资公司）,500-2000人,2018-11-20 15:41:08,天河区,本科,不需要融资,移动互联网,质量开发工程师,15k-30k
"['沙面', '芳村']",广州诺米品牌管理有限公司,431352,诺米,500-2000人,2018-11-22 10:29:23,荔湾区,本科,A轮,"移动互联网,电子商务",ETL开发工程师,15k-18k
,上海雳挚企业信息咨询有限公司,127357,医疗云,150-500人,2018-11-22 09:05:53,天河区,硕士,不需要融资,"移动互联网,医疗健康",测试开发工程师,20k-39k
"['天河公园', '棠下']",三七互娱（上海）科技有限公司,658,三七互娱,2000人以上,2018-11-22 09:54:31,天河区,本科,上市公司,游戏,测试工程师,6k-12k
"['天园', '天河公园', '棠下']",广州博冠信息科技有限公司,22790,网易游戏,2000人以上,2018-11-06 14:25:33,天河区,本科,上市公司,游戏,核心开发工程师,15k-25k
['沙河'],广州道然信息科技有限公司,149760,广州道然,50-150人,2018-11-22 14:47:48,天河区,本科,不需要融资,移动互联网,高级运维工程师,15k-20k
,北京智蓝云信科技有限公司,410631,智蓝,150-500人,2018-11-19 08:59:02,天河区,本科,不需要融资,移动互联网,DevOps开发工程师,20k-25k
"['珠江新城', '沙河']",深圳前海大数金融服务有限公司,45195,大数金融,500-2000人,2018-11-20 09:23:36,天河区,大专,C轮,金融,系统运维工程师,10k-20k
"['三元里', '白云大道', '机场路']",昌正实业（广州）有限公司,410822,昌正集团,500-2000人,2018-11-22 19:44:29,白云区,大专,不需要融资,电子商务,运维工程师,8k-16k
,群艺积分制（广州）互联网科技有限公司,296013,湖北群艺,150-500人,2018-11-22 17:41:50,天河区,本科,不需要融资,"企业服务,教育",测试主管,10k-15k
['天河软件园'],上海鲸团科技有限公司,189292,鲸鱼游戏,150-500人,2018-11-22 15:40:16,天河区,本科,不需要融资,游戏,lua游戏后端开发,8k-16k
,广州博依特智能信息科技有限公司,151264,博依特,50-150人,2018-11-22 14:32:28,黄埔区,本科,不需要融资,"企业服务,数据服务",数据开发工程师,10k-20k
"['员村', '东圃', '棠下']",航天精一（广东）信息科技有限公司,16073,航天精一,150-500人,2018-11-22 09:23:31,天河区,大专,上市公司,"移动互联网,数据服务",自动化运维工程师,7k-12k
['琶洲'],广州傲银信息科技有限责任公司,163964,傲银科技,15-50人,2018-11-20 10:26:52,海珠区,大专,不需要融资,"文化娱乐,游戏",运维主管（高薪外派）,50k-80k
,广州市巴图鲁信息科技有限公司,33377,巴图鲁公司,500-2000人,2018-11-22 10:32:42,海珠区,本科,C轮,电子商务,中高级数据分析师,12k-20k
,广州快批信息科技有限公司,67777,快批KP,50-150人,2018-11-20 17:58:38,海珠区,本科,A轮,"移动互联网,数据服务",运维开发工程师,10k-16k
"['客村', '新港', '赤岗']",广州群接龙网络科技有限公司,441773,群接龙,15-50人,2018-11-20 16:14:26,海珠区,本科,A轮,"电子商务,社交网络",测试工程师,6k-12k
,广东综联数码科技有限公司,116476,ICM综联数码,15-50人,2018-11-22 15:56:14,天河区,大专,不需要融资,移动互联网,后端开发工程师,8k-12k
,广州维胜信息技术有限公司,99071,搜款网 VVIC,150-500人,2018-11-22 10:09:02,天河区,本科,A轮,"电子商务,企业服务",前端开发工程师,10k-20k
"['棠下', '天河公园', '天园']",广州博冠信息科技有限公司,22790,网易游戏,2000人以上,2018-11-21 14:43:32,天河区,本科,上市公司,游戏,数据仓库开发工程师,10k-15k
"['天河公园', '棠下']",三七互娱（上海）科技有限公司,658,三七互娱,2000人以上,2018-11-22 09:54:31,天河区,本科,上市公司,游戏,游戏运维工程师,10k-15k
"['瑞宝', '工业大道', '瑞宝', '凤阳', '工业大道', '凤阳']",铂涛信息技术（广州）有限公司,29385,铂涛旅行,500-2000人,2018-11-22 09:25:32,海珠区,本科,未融资,"移动互联网,旅游",测试工程师,8k-12k
"['岭南', '建设']",上海酷萌网络科技有限公司,264167,酷萌网络（LNI技术有限公司）,2000人以上,2018-11-21 09:53:11,越秀区,大专,不需要融资,"移动互联网,游戏",运维工程师（海外）,15k-25k
,浙江星飞信息技术有限公司,223587,星飞,150-500人,2018-11-19 10:10:05,天河区,本科,天使轮,游戏,游戏服务端开发工程师（校招）,8k-12k
['车陂'],氪金信息科技（天津）有限公司,33801,Codrim,50-150人,2018-11-22 10:32:32,天河区,大专,天使轮,"移动互联网,广告营销",技术经理,20K-25K
,广东东田教育集团有限公司,36141,广东东田教育集团有限公司,150-500人,2018-11-22 10:13:49,天河区,本科,不需要融资,"移动互联网,教育",运维经理,13k-20k
"['员村', '天河公园', '棠下']",武汉佰钧成技术有限责任公司,16831,武汉佰钧成技术有限公司,2000人以上,2018-11-19 17:05:56,天河区,本科,不需要融资,移动互联网,中级测试工程师,13k-17k
"['棠下', '天河公园', '天园']",广州米多网络科技有限公司,89313,米多网络,50-150人,2018-11-19 10:04:37,天河区,大专,A轮,"移动互联网,电子商务",大数据开发工程师,10k-20k
"['员村', '天河公园', '石牌']",北京云族佳科技有限公司广州分公司,419772,北京云族佳科技有限公...,50-150人,2018-11-12 11:44:52,天河区,本科,B轮,"移动互联网,人工智能",测试工程师,8k-13k
"['天河城', '体育中心', '沙河']",上海源慧信息科技股份有限公司,114177,源慧信息,50-150人,2018-11-22 10:54:41,天河区,大专,上市公司,O2O,数据分析经理,20k-30k
['大石'],浩鲸云计算科技股份有限公司,173918,浩鲸科技,2000人以上,2018-11-22 10:49:20,番禺区,本科,上市公司,"移动互联网,企业服务",大数据开发工程师,13k-20k
,广州灵犀信息技术有限公司,400471,灵犀信息,15-50人,2018-11-11 10:39:24,天河区,不限,不需要融资,"移动互联网,金融",区块链工程师,15k-30k
['芳村'],广东壹健康科技有限公司,182282,壹健康,500-2000人,2018-11-01 14:52:21,荔湾区,大专,不需要融资,医疗健康,PHP开发工程师,12k-18k
['琶洲'],广州斗游信息科技有限公司,121684,广州斗游信息科技有限公司,150-500人,2018-11-22 11:11:13,海珠区,本科,B轮,移动互联网,AI算法工程师,12k-24k
"['冼村', '珠江新城', '沙河']",广州博冠信息科技有限公司,22790,网易游戏,2000人以上,2018-11-07 10:18:34,天河区,本科,上市公司,游戏,客户端开发工程师（阴阳师）,12k-24k
['天河软件园'],上海鲸团科技有限公司,189292,鲸鱼游戏,150-500人,2018-11-19 16:47:47,天河区,本科,不需要融资,游戏,运维工程师,10k-18k
,广东健客医药有限公司,33059,健客网,500-2000人,2018-11-19 11:54:06,萝岗区,本科,B轮,"电子商务,医疗健康",高级软件测试工程师（服务器端测试）,13k-25k
"['员村', '珠江新城']",广州初行科技有限公司,252435,初行科技,少于15人,2018-11-22 14:04:17,天河区,大专,未融资,"数据服务,信息安全",中级前端开发工程师,8k-15k
"['员村', '珠江新城', '石牌']",大鱼快乐有限公司,216917,阿里文娱,2000人以上,2018-11-22 11:39:15,天河区,本科,上市公司,"文化娱乐,移动互联网",Java高级开发工程师-广州,20k-40k
"['林和', '天河北']",广州市银兴计算机服务有限公司,243935,银兴,50-150人,2018-11-21 10:39:48,天河区,本科,上市公司,其他,数据挖掘工程师,15k-30k
"['客村', '新港', '赤岗']",广州爱范儿科技股份有限公司,25623,爱范儿,50-150人,2018-11-19 09:23:18,海珠区,本科,上市公司,"移动互联网,企业服务",Ifanr SRE 工程师 (系统工程方向),15k-25k
"['天河城', '石牌']",广州酷码教育咨询有限公司,319988,广州酷码教育咨询有限公司,150-500人,2018-11-22 17:17:27,天河区,本科,A轮,教育,产品研发总监,10k-15k
"['东圃', '棠下', '车陂']",广东灵机文化传播有限公司,1175,灵机文化,150-500人,2018-11-22 11:42:36,天河区,大专,不需要融资,"移动互联网,电子商务",系统管理员/网络管理员,9k-14k
,广州艾美网络科技有限公司,36852,艾美网络科技,150-500人,2018-11-05 14:04:37,番禺区,本科,B轮,"移动互联网,游戏",高级服务器开发工程师,18k-30k
"['兴华', '粤垦', '沙河']",广州影子控股股份有限公司,327797,影子控股,150-500人,2018-11-22 13:39:37,天河区,本科,不需要融资,"企业服务,数据服务",测试,15k-30k
"['员村', '天河公园', '石牌']",广州富力地产股份有限公司,111643,富力地产,2000人以上,2018-11-22 08:36:55,天河区,本科,上市公司,"移动互联网,电子商务",高级配置管理工程师,13k-25k
"['棠下', '天河公园', '东圃']",广州火树网络科技有限公司,132320,火速SDK,15-50人,2018-11-21 14:47:54,天河区,大专,未融资,"移动互联网,游戏",iOS开发工程师,10k-20k
,广州卓动信息科技有限公司,42632,卓动信息科技,150-500人,2018-11-20 18:29:15,海珠区,不限,不需要融资,游戏,数据平台研发工程师,12k-20k
"['工业大道', '龙凤', '沙园']",广州凡科互联网科技股份有限公司,1311,凡科,150-500人,2018-11-22 16:54:06,海珠区,本科,上市公司,企业服务,大数据高级开发工程师,13k-26k
"['冼村', '珠江新城', '沙河']",广州博冠信息科技有限公司,22790,网易游戏,2000人以上,2018-11-21 14:43:33,天河区,大专,上市公司,游戏,游戏UI开发工程师,10k-20k
,广州极物网络有限公司,180956,极物,150-500人,2018-11-22 11:22:14,天河区,大专,A轮,"文化娱乐,移动互联网",运维工程师,6k-10k
,广州德思昂拉信息科技有限公司,127628,DCOnline,15-50人,2018-11-06 18:10:35,海珠区,本科,天使轮,"电子商务,生活服务",中级后端,10k-20k
,广州市高奈特网络科技有限公司,96929,高奈特,150-500人,2018-11-22 18:18:02,荔湾区,大专,上市公司,"信息安全,数据服务",高级测试工程师,15k-20k
,脸库科技（广州）有限公司,69524,facecool,15-50人,2018-11-22 11:38:51,黄埔区,本科,天使轮,移动互联网,IOS,6k-12k
"['瑞宝', '东晓', '晓港']",铂涛信息技术（广州）有限公司,29385,铂涛旅行,500-2000人,2018-11-22 09:25:32,海珠区,本科,未融资,"移动互联网,旅游",中间件运维工程师,15k-25k
"['棠下', '天园', '车陂']",广州酷狗计算机科技有限公司,336,酷狗音乐,500-2000人,2018-11-21 14:29:34,天河区,本科,不需要融资,"移动互联网,文化娱乐",PTBU-后端开发工程师,15k-25k
['石牌'],联通（广东）产业互联网有限公司,183533,联通（广东）产业互联网有限公司,500-2000人,2018-11-21 12:54:25,天河区,硕士,不需要融资,"移动互联网,医疗健康",医疗云产品研发,15k-25k
,广州易海司信息科技有限公司,90942,易海司,少于15人,2018-11-19 17:06:00,天河区,不限,未融资,"移动互联网,电子商务",IOS开发工程师,7k-12k
['鱼珠'],广州云徙科技有限公司,143873,云徙科技,500-2000人,2018-11-22 17:20:40,黄埔区,本科,A轮,"数据服务,移动互联网",数据平台架构师,25k-35k
,广州梦映动漫网络科技有限公司,128945,触漫,50-150人,2018-11-22 13:31:30,海珠区,本科,A轮,"移动互联网,文化娱乐",算法工程师,10k-20k
,广州亚美信息科技有限公司,37398,亚美,150-500人,2018-11-16 17:12:12,天河区,本科,不需要融资,移动互联网,系统运维工程师,10k-15k
,北京云族佳科技有限公司广州分公司,419772,北京云族佳科技有限公...,50-150人,2018-11-13 09:24:31,天河区,本科,B轮,"移动互联网,人工智能",测试工程师,9k-15k
['员村'],广州汇量信息科技有限公司,22045,Mobvista,500-2000人,2018-11-12 12:01:51,天河区,本科,上市公司,移动互联网,高级测试工程师,13k-26k
"['小北', '建设']",广东赛百威信息科技有限公司,40530,赛百威,150-500人,2018-11-22 19:41:39,越秀区,不限,不需要融资,"移动互联网,电子商务",Java技术经理,20k-25k
,广州博冠信息科技有限公司,22790,网易游戏,2000人以上,2018-11-19 16:57:53,天河区,本科,上市公司,游戏,Node.js服务器端开发工程师,15k-25k
"['棠下', '天园', '车陂']",广州酷狗计算机科技有限公司,336,酷狗音乐,500-2000人,2018-11-21 14:29:36,天河区,本科,不需要融资,"移动互联网,文化娱乐",PTBU-数据仓库开发工程师,15k-30k
"['员村', '东圃', '棠下']",广州至真信息科技有限公司,54095,至真信息,150-500人,2018-11-21 11:02:29,天河区,本科,A轮,移动互联网,高级测试开发工程师,15k-20k
"['林和', '天河北']",广州市银兴计算机服务有限公司,243935,银兴,50-150人,2018-11-21 10:39:48,天河区,本科,上市公司,其他,数据分析工程师,13k-26k
,北京云思畅想科技有限公司,54359,时速云,50-150人,2018-11-22 09:44:01,天河区,本科,B轮,"企业服务,数据服务",售前工程师,15k-25k
"['东圃', '前进', '车陂']",广州艾克斯曼网络科技有限公司,160121,X-MEN,150-500人,2018-11-16 17:39:31,天河区,本科,不需要融资,游戏,c++开发工程师,13k-17k
,广汽蔚来新能源汽车科技有限公司,425365,广汽蔚来,150-500人,2018-11-22 19:39:20,南沙区,本科,不需要融资,其他,数据挖掘高级经理,20k-40k
['大学城'],广州市讯码通讯科技有限公司,170745,讯码科技,150-500人,2018-11-22 17:39:29,番禺区,本科,A轮,"移动互联网,生活服务",go/golang开发工程师,15k-25k
,广州线条信息科技有限公司,167745,SuperADS,50-150人,2018-11-22 10:21:18,天河区,本科,A轮,"移动互联网,广告营销",数据工程师,15k-25k
"['三元里', '机场路', '景泰']",北京欧拉数术科技有限公司,413864,北京欧拉数术科技有限公司,15-50人,2018-11-20 11:35:27,白云区,本科,不需要融资,"移动互联网,电子商务",后端开发工程师,10k-15k
"['新港', '岭南']",广东优德科技有限公司,143093,优德科技,少于15人,2018-11-19 14:10:49,海珠区,不限,未融资,"移动互联网,企业服务",iOS工程师,6k-12k
,广州星空计划科技有限公司,321033,星空计划,15-50人,2018-11-22 18:10:00,番禺区,不限,天使轮,移动互联网,全栈开发工程师,10k-20k
"['解放南', '大新', '海珠广场']",广州大麦信息科技有限公司,13709,大麦电商,150-500人,2018-11-22 15:01:55,越秀区,本科,天使轮,"电子商务,企业服务",前端工程师,7k-14k
"['珠江新城', '沙河']",广州英赛特软件有限公司,385686,广州英赛特软件,50-150人,2018-11-20 10:34:01,天河区,本科,不需要融资,"电子商务,企业服务",大数据开发工程师,10k-18k
"['珠江新城', '猎德', '石牌']",广州灵犀信息技术有限公司,400471,灵犀信息,15-50人,2018-11-11 10:39:21,天河区,本科,不需要融资,"移动互联网,金融",运维工程师,10k-15k
"['天园', '天河公园', '棠下']",广州博冠信息科技有限公司,22790,网易游戏,2000人以上,2018-11-21 14:43:34,天河区,本科,上市公司,游戏,数据仓库开发工程师（ETL）,15k-20k
,广州线条信息科技有限公司,167745,SuperADS,50-150人,2018-11-22 10:21:20,天河区,本科,A轮,"移动互联网,广告营销",高级算法工程师,25k-40k
,广州星空计划科技有限公司,321033,星空计划,15-50人,2018-11-22 18:10:00,番禺区,本科,天使轮,移动互联网,运维开发工程师,10k-20k
,广州太平洋电脑信息咨询有限公司,992,太平洋网络有限公司,500-2000人,2018-11-22 17:48:02,天河区,大专,上市公司,"电子商务,生活服务",高级SEO工程师,8k-15k
,广州维胜信息技术有限公司,99071,搜款网 VVIC,150-500人,2018-11-22 10:09:00,天河区,本科,A轮,"电子商务,企业服务",高级前端开发工程师,15k-30k
,北京金山软件有限公司,7835,金山办公软件,2000人以上,2018-11-21 14:52:38,天河区,不限,上市公司,移动互联网,高级服务端开发工程师（高并发）,15k-30k
"['棠下', '天园', '车陂']",广州酷狗计算机科技有限公司,336,酷狗音乐,500-2000人,2018-11-21 14:29:38,天河区,本科,不需要融资,"移动互联网,文化娱乐",ZBBU-数据仓库开发工程师,15k-30k
"['五山', '石牌', '天河北']",广州小丑鱼信息科技有限公司,55605,广州小丑鱼,50-150人,2018-11-15 14:11:57,天河区,本科,不需要融资,游戏,（2019届）客户端开发工程师,6k-10k
['琶洲'],星汉（广州）科技有限公司,296449,星汉科技,150-500人,2018-11-22 18:15:46,海珠区,本科,B轮,"移动互联网,游戏",高级后端开发工程师（C++）,15k-30k
"['员村', '东圃', '棠下']",泛纬科技（广州）有限公司,424227,Focwork,15-50人,2018-11-22 09:26:28,天河区,不限,不需要融资,移动互联网 企业服务,高级运维开发工程师,15k-30k
,广州准捷电子科技有限公司,59652,准捷车联网,15-50人,2018-11-20 19:16:04,天河区,大专,不需要融资,移动互联网、硬件,php开发工程师,6k-12k
"['天园', '天河公园', '棠下']",深圳市点购电子商务有限公司广州分公司,23686,点购商城,150-500人,2018-11-19 17:18:01,天河区,大专,C轮,金融,DBA工程师,15k-25k
,武汉佰钧成技术有限责任公司,16831,武汉佰钧成技术有限公司,2000人以上,2018-11-19 15:43:27,天河区,本科,不需要融资,移动互联网,测试工程师,13k-18k
"['石牌', '珠江新城', '猎德']",广州赫赫信息科技有限公司,24504,手游圈内人,150-500人,2018-11-19 09:55:50,天河区,本科,未融资,"游戏,文化娱乐",手游客户端开发工程师（2019校招）,8k-16k
"['五山', '石牌', '天河北']",蓝月亮（中国）有限公司,24265,蓝月亮,2000人以上,2018-11-22 09:17:11,天河区,本科,不需要融资,生活服务,（高级）算法工程师,18k-30k
"['冼村', '珠江新城', '沙河']",广州博冠信息科技有限公司,22790,网易游戏,2000人以上,2018-11-19 16:57:57,天河区,本科,上市公司,游戏,资深/高级前端开发工程师,15k-25k
['棠下'],广州线条信息科技有限公司,167745,SuperADS,50-150人,2018-11-22 10:21:18,天河区,本科,A轮,"移动互联网,广告营销",高级测试工程师,8k-12k
['天河城'],广州银行股份有限公司信用卡中心,199056,广州银行信用卡中心,2000人以上,2018-11-19 10:39:53,天河区,本科,不需要融资,金融,数据开发工程师,10k-20k
,广州尼莫鱼科技有限公司,369912,尼莫鱼科技,50-150人,2018-10-23 19:44:44,天河区,本科,A轮,移动互联网,大数据开发工程师,21k-29k
"['新港', '赤岗', '客村']",腾讯科技(深圳)有限公司,451,腾讯,2000人以上,2018-11-22 17:50:44,海珠区,本科,上市公司,"移动互联网 ,游戏",WXG06-113 微信支付后台开发工程师（广州）,20k-40k
,广州美亚尚途国际旅行社有限公司,50215,美亚商旅,150-500人,2018-11-21 17:10:12,海珠区,大专,不需要融资,电子商务,Node.js开发工程师,6k-12k
"['新港', '赤岗', '客村']",广州优提示互联网科技有限公司,63827,优提示,50-150人,2018-11-21 16:40:39,海珠区,本科,A轮,移动互联网,PHP后台开发工程师,8k-16k
"['体育中心', '天河城', '沙河']",广州市汇聚支付电子科技有限公司,113687,汇聚支付,150-500人,2018-11-19 10:48:29,天河区,本科,不需要融资,"金融,移动互联网",高级Java工程师（跨境事业部）,16k-22k
['棠下'],浙江星飞信息技术有限公司,223587,星飞,150-500人,2018-11-19 10:10:04,天河区,本科,天使轮,游戏,服务端研发工程师（中级）,10k-16k
,广州黑胡子游戏开发有限公司,173177,BBGAME,50-150人,2018-11-15 16:01:30,天河区,本科,天使轮,游戏,运维开发,10k-15k
"['岭南', '建设', '黄花岗']",上海并擎软件科技有限公司,79807,并擎,50-150人,2018-11-02 14:49:24,越秀区,本科,不需要融资,"移动互联网,企业服务",技术支持工程师,6k-12k
"['天河城', '石牌']",广州酷码教育咨询有限公司,319988,广州酷码教育咨询有限公司,150-500人,2018-11-22 17:17:27,天河区,大专,A轮,教育,产品研发助理,5k-7k
"['员村', '天河公园', '石牌']",上海莱壳企业管理有限公司,416006,wlaike,150-500人,2018-11-22 12:35:31,天河区,本科,B轮,"移动互联网,企业服务",高级推荐算法工程师,30k-60k
,广州虚拟动力网络技术有限公司,375394,广州虚拟动力,50-150人,2018-11-22 10:32:18,天河区,本科,不需要融资,硬件,高级C++软件工程师,10k-20k
,广东正品信息科技有限公司,302137,正品集团,150-500人,2018-11-22 10:22:45,天河区,大专,未融资,移动互联网,区块链架构师,15k-30k
